General Area,Specialty Area(s),College,Primary Department,Researcher
ENERGY,Solar,Arts & Sciences,Biochemistry,David Baker
ENERGY,Bioenergy,Arts & Sciences,Biology,Rose Ann Cattolico
ENERGY,Bioenergy,Arts & Sciences,Chemistry,Thomas Spiro
ENERGY,Energy Harvesting,Arts & Sciences,Chemistry,Thomas Spiro
ENERGY,Solar,Arts & Sciences,Chemistry,Brandi Cossairt
ENERGY,Solar,Arts & Sciences,Chemistry,Charles Campbell
ENERGY,Solar,Arts & Sciences,Chemistry,Daniel Gamelin
ENERGY,Solar,Arts & Sciences,Chemistry,David Ginger
ENERGY,Solar,Arts & Sciences,Chemistry,Thomas Spiro
ENERGY,Wind,Arts & Sciences,Evans School of Public Affairs,Allison Cullen
ENERGY,Bioenergy,Arts & Sciences,Microbiology,Caroline Harwood
ENERGY,Bioenergy,Arts & Sciences,Microbiology,John Leigh
ENERGY,Bioenergy,Arts & Sciences,Microbiology,Mary Lidstrom
ENERGY,Energy Harvesting,Arts & Sciences,Physics,Molecular Engineering and Sciences Institute
ENERGY,Solar,Arts & Sciences,Physics,Fernando Vila
ENERGY,Solar,Arts & Sciences,Physics,Gerald Seidler
ENERGY,Solar,Arts & Sciences,Physics,John Rehr
POLICY,corporate social responsibility,Arts & Sciences,Political Science,Aseem Prakash
POLICY,environmental regulations,Arts & Sciences,Political Science,*Peter J. May
REGULATION,environmental regulations,Arts & Sciences,Political Science,*Peter J. May
POLICY,pollution,Arts & Sciences,Political Science,Aseem Prakash
SOCIAL,sustainable communities,Arts & Sciences,Political Science,Karen Litfin
POLICY,sustainable communities,Arts & Sciences,Political Science,W. Lance Bennett
SOCIAL,sustainable communities,Arts & Sciences,Political Science,W. Lance Bennett
ENERGY,Bioenergy,Engineering,Aeronautics and Astronautics,James Hermanson
ENERGY,Fusion,Engineering,Aeronautics and Astronautics,Richard Milroy
ENERGY,Fusion,Engineering,Aeronautics and Astronautics,Thomas Jarboe
ENERGY,Fusion,Engineering,Aeronautics and Astronautics,Uri Shumlak
ENERGY,Bioenergy,Engineering,Chemical Engineering,Daniel Schwartz
ENERGY,Bioenergy,Engineering,Chemical Engineering,James Carothers
ENERGY,Solar,Engineering,Chemical Engineering,Hugh Hillhouse
ENERGY,Solar,Engineering,Chemical Engineering,Lilo Pozzo
ENERGY,Solar,Engineering,Chemical Engineering,Samson Jenekhe
POLLUTION/CLEANUP,air pollution,Engineering,Civil & Environmental Engineering,Julian D. Marshall
ENERGY,Bioenergy,Engineering,Civil & Environmental Engineering,David Stensel
NATURAL RESOURCE DEGRADATION,carbon cycling,Engineering,Civil & Environmental Engineering,David Butman
NATURAL RESOURCE DEGRADATION,carbon cycling,Engineering,Civil & Environmental Engineering,Rebecca B. Neumann
POLLUTION/CLEANUP,human health impacts,Engineering,Civil & Environmental Engineering,Julian D. Marshall
NATURAL RESOURCE DEGRADATION,human health impacts,Engineering,Civil & Environmental Engineering,Rebecca B. Neumann
NATURAL RESOURCE DEGRADATION,pollution,Engineering,Civil & Environmental Engineering,Rebecca B. Neumann
POLLUTION/CLEANUP,soil resources,Engineering,Civil & Environmental Engineering,Seana Davidson
POLLUTION/CLEANUP,soil resources,Engineering,Civil & Environmental Engineering,Seana Davidson
NATURAL RESOURCE DEGRADATION,soil resources,Engineering,Civil & Environmental Engineering,Rebecca B. Neumann
POLLUTION/CLEANUP,waste management,Engineering,Civil & Environmental Engineering,*Michael Dodd
POLLUTION/CLEANUP,waste management,Engineering,Civil & Environmental Engineering,Seana Davidson
POLLUTION/CLEANUP,wastewater management,Engineering,Civil & Environmental Engineering,Heidi Gough
POLLUTION/CLEANUP,wastewater management,Engineering,Civil & Environmental Engineering,Seana Davidson
POLLUTION/CLEANUP,wastewater treatment,Engineering,Civil & Environmental Engineering,David Stensel
POLLUTION/CLEANUP,wastewater treatment,Engineering,Civil & Environmental Engineering,Stuart E. Strand
NATURAL RESOURCE DEGRADATION,water management,Engineering,Civil & Environmental Engineering,Rebecca B. Neumann
RESOURCE MANAGEMENT,water management,Engineering,Civil & Environmental Engineering,Erkan Istanbulluoglu
RESOURCE MANAGEMENT,water management,Engineering,Civil & Environmental Engineering,Stephen J. Burges
POLLUTION/CLEANUP,water quality,Engineering,Civil & Environmental Engineering,*Michael Dodd
POLLUTION/CLEANUP,water quality,Engineering,Civil & Environmental Engineering,Edward Kolodziej
POLLUTION/CLEANUP,water quality,Engineering,Civil & Environmental Engineering,Gregory V. Korshin
NATURAL RESOURCE DEGRADATION,water quality,Engineering,Civil & Environmental Engineering,*Michael T. Brett
NATURAL RESOURCE DEGRADATION,water resources,Engineering,Civil & Environmental Engineering,David Butman
NATURAL RESOURCE DEGRADATION,water resources,Engineering,Civil & Environmental Engineering,Jessica D. Lundquist
ENERGY,Tidal/Hydrokinetics,Engineering,Civil & Environmental Engineering,Jim Thomson
ENERGY,Wind,Engineering,Civil & Environmental Engineering,Dorothy Reed
ENERGY,Energy Harvesting,Engineering,Computer Science & Engineering,Joshua Smith
PLANNING,wastewater management,Engineering,Civil & Environmental Engineering,Jessica Kaminsky
PLANNING,water management,Engineering,Civil & Environmental Engineering,Jessica Kaminsky
TRANSPORTATION,sustainable infrastructure,Engineering,Civil & Environmental Engineering,Steve Muench
TRANSPORTATION,solar power,Engineering,Civil & Environmental Engineering,Joe P. Mahoney
TRANSPORTATION,sustainable infrastructure,Engineering,Civil & Environmental Engineering,Joe P. Mahoney
ENERGY,Energy Harvesting,Engineering,Electrical Engineering,Brian Otis
ENERGY,Solar,Engineering,Electrical Engineering,Daniel Kirschen
ENERGY,Solar,Engineering,Electrical Engineering,Scott Dunham
ENERGY,Solar,Engineering,Electrical Engineering,Scott Dunham
ENERGY,Wind,Engineering,Electrical Engineering,Daniel Kirschen
ENERGY,Wind,Engineering,Electrical Engineering,Mohamed El-Sharkawi
POLLUTION/CLEANUP,nuclear waste containment,Engineering,Civil & Environmental Engineering,*Robert D. Holtz
POLLUTION/CLEANUP,soil resources,Engineering,Civil & Environmental Engineering,*Robert D. Holtz
ENERGY,Bioenergy,Engineering,Materials Science & Engineering,Jihui Yang
ENERGY,Energy Harvesting,Engineering,Materials Science & Engineering,Christine Luscombe
ENERGY,Energy Harvesting,Engineering,Materials Science & Engineering,Fumio Ohuchi
ENERGY,Energy Harvesting,Engineering,Materials Science & Engineering,Guozhong Cao
ENERGY,Energy Harvesting,Engineering,Materials Science & Engineering,Xiaodong Xu
ENERGY,Solar,Engineering,Materials Science & Engineering,Alex K.-Y. Jen
ENERGY,Solar,Engineering,Materials Science & Engineering,Christine Luscombe
ENERGY,Solar,Engineering,Materials Science & Engineering,Guozhong Cao
ENERGY,Solar,Engineering,Materials Science & Engineering,Hong Ma
ENERGY,Solar,Engineering,Materials Science & Engineering,Qifeng Zhang
ENERGY,Bioenergy,Engineering,Mechanical Engineering,Amy Shen
ENERGY,Energy Harvesting,Engineering,Mechanical Engineering,Jiangyu Li
ENERGY,Energy Harvesting,Engineering,Mechanical Engineering,Minoru Taya
ENERGY,Solar,Engineering,Mechanical Engineering,J. Devin Mackenzie
ENERGY,Solar,Engineering,Mechanical Engineering,Jiangyu Li
ENERGY,Solar,Engineering,Mechanical Engineering,Minoru Taya
ENERGY,Tidal/Hydrokinetics,Engineering,Mechanical Engineering,Alberto Aliseda
ENERGY,Tidal/Hydrokinetics,Engineering,Mechanical Engineering,Brian Polagye
ENERGY,Tidal/Hydrokinetics,Engineering,Mechanical Engineering,James Riley
ENERGY,Tidal/Hydrokinetics,Engineering,Mechanical Engineering,Philip Malte
ENERGY,Tidal/Hydrokinetics,Engineering,Mechanical Engineering,Steve Brunton
PLANNING,sustainable infrastructure,Engineering,Civil & Environmental Engineering,Dorothy A. Reed
TRANSPORTATION,consumption choices,Engineering,Civil & Environmental Engineering,Don MacKenzie
ENERGY,electric vehicles,Engineering,Civil & Environmental Engineering,Don MacKenzie
TRANSPORTATION,electric vehicles,Engineering,Civil & Environmental Engineering,Don MacKenzie
TRANSPORTATION,pollution : transportation planning,Engineering,Civil & Environmental Engineering,Anne Goodchild
PLANNING,urban planning,Engineering,Civil & Environmental Engineering,Cynthia Chen
ENERGY,Bioenergy,Environment,Environmental and Forest Science,Renata Bura
ENERGY,Bioenergy,Environment,Environmental and Forest Science,Richard Gustafson
ENERGY,Bioenergy,Environment,Environmental and Forest Science,Sharon Doty
ENERGY,Tidal/Hydrokinetics,Environment,Physical Oceanography,Mitsuhiro Kawase